{
    "message": "",
    "data": {
        "next_song_expected": -11,
        "requestID": "0",
        "r64_id": null,
        "next_poll": 15,
        "live": 0,
        "requestedBy": "",
        "id": "3812",
        "vote_percent": "71.7179",
        "website": "http://www.mindinabox.com/",
        "filename": "c64\\Albums\\mind.in.a.box - R.E.T.R.O\\11 mind.in.a.box - Whatever Mattered.mp3",
        "album": "R.E.T.R.O",
        "next_song": {
            "album": "",
            "live": 0,
            "filename": "M:\\Mp3\\c64\\rko\\Escape - Maniacs of Noise - Megamix.mp3",
            "artist": "Gerd Bahl",
            "title": "Maniacs of Noise Megamix"
        },
        "duration": 328,
        "r64_vote": null,
        "albumyear": "2010",
        "date_played": 1504882554,
        "next_song_date": 1504883210,
        "title": "Whatever Mattered",
        "picture": "miab_retrocover.jpg",
        "my_vote": null,
        "listeners": "69",
        "num_votes": "358",
        "sid_path": null,
        "artist": "mind.in.a.box"
    },
    "error": 0
}