{
    "error": 0,
    "data": {
        "albumyear": "2007",
        "vote_percent": "92.8309",
        "id": "2998",
        "my_vote": null,
        "next_song_expected": 159,
        "live": 0,
        "requestID": "0",
        "filename": "c64\\rko\\DJ Mitch - Toytone Cafe (Piano Tribe Mix).mp3",
        "next_poll": 159,
        "duration": 258,
        "next_song_date": 1504895970,
        "r64_vote": "5",
        "title": "Toytone Caf (Piano Tribe Mix)",
        "date_played": 1504895454,
        "r64_id": "3439",
        "listeners": "75",
        "website": "",
        "picture": "",
        "num_votes": "136",
        "requestedBy": "",
        "next_song": {
            "filename": "M:\\Mp3\\c64\\rko\\AmiGamer - GliderRider.mp3",
            "artist": "AmiGamer",
            "title": "GliderRider",
            "live": 0,
            "album": ""
        },
        "sid_path": "MUSICIANS/C/Chotaire/Toytone_Tribe.sid",
        "album": "",
        "artist": "Mitch van Hayden"
    },
    "message": ""
}