{
    "error": 0,
    "data": {
        "date_played": 1504902335,
        "picture": "",
        "artist": "Amok",
        "r64_id": "4151",
        "num_votes": "141",
        "sid_path": "MUSICIANS/G/Galway_Martin/Rambo_First_Blood_Part_II.sid",
        "duration": 215,
        "live": 0,
        "albumyear": "2009",
        "album": "",
        "next_song": {
            "title": "R-Type - Main Theme (YM2151 Arrange)",
            "album": "",
            "filename": "M:\\Mp3\\c64\\rko\\Luke McQueen - R-Type - Main Theme (YM2151 Arrange).mp3",
            "artist": "Luke McQueen",
            "live": 0
        },
        "next_poll": 15,
        "next_song_expected": -23,
        "vote_percent": "92.3759",
        "next_song_date": 1504902765,
        "id": "3632",
        "website": "",
        "title": "Rambo - First Blood",
        "r64_vote": "5",
        "my_vote": null,
        "filename": "c64\\rko\\Amok - Rambo - First Blood.mp3",
        "requestID": "0",
        "requestedBy": "",
        "listeners": "65"
    },
    "message": ""
}