{
    "data": {
        "next_poll": 15,
        "website": "",
        "id": "4047",
        "num_votes": "140",
        "date_played": 1504924139,
        "requestedBy": "",
        "next_song": {
            "live": 0,
            "album": "",
            "artist": "Dafunk",
            "title": "FunKus",
            "filename": "M:\\Mp3\\c64\\rko\\Dafunk - FunKus.mp3"
        },
        "next_song_expected": -10,
        "r64_vote": "6",
        "next_song_date": 1504924547,
        "albumyear": "2011",
        "my_vote": null,
        "picture": "",
        "vote_percent": "95.3571",
        "live": 0,
        "title": "Comic Frame",
        "sid_path": "MUSICIANS/L/Link/Comic_Frame.sid",
        "r64_id": "4627",
        "requestID": "0",
        "listeners": "40",
        "album": "",
        "duration": 204,
        "artist": "Hazel",
        "filename": "c64\\rko\\Hazel - Comic Frame.mp3"
    },
    "error": 0,
    "message": ""
}