{
    "data": {
        "filename": "c64\\rko\\LPChip - Alien (Korg DS-10 Mix).mp3",
        "requestID": "0",
        "artist": "LPChip",
        "next_poll": 15,
        "album": "",
        "title": "Alien (Korg DS-10 Mix)",
        "picture": "",
        "id": "4201",
        "next_song": {
            "album": "",
            "filename": "M:\\Mp3\\c64\\rko\\Cirdan - Acrise.mp3",
            "artist": "Cirdan",
            "live": 0,
            "title": "Acrise"
        },
        "live": 0,
        "num_votes": "150",
        "albumyear": "2011",
        "listeners": "63",
        "website": "",
        "r64_vote": "4",
        "my_vote": null,
        "r64_id": "4784",
        "sid_path": "MUSICIANS/C/Clansey_Paul/Alien.sid",
        "vote_percent": "90.0000",
        "next_song_expected": -2,
        "next_song_date": 1504906957,
        "requestedBy": "",
        "duration": 246,
        "date_played": 1504906465
    },
    "error": 0,
    "message": ""
}