{
    "error": 0,
    "data": {
        "next_song_date": 1504882821,
        "website": "",
        "filename": "c64\\rko\\FeekZoid - Thrust (The Magnificent Worlds of Commodore!).mp3",
        "id": "402",
        "r64_id": "1798",
        "title": "Thrust (The Magnificent Worlds of Commodore!)",
        "picture": "",
        "my_vote": null,
        "next_poll": 194,
        "duration": 334,
        "next_song_expected": 194,
        "album": "",
        "listeners": "70",
        "requestedBy": "",
        "requestID": "0",
        "r64_vote": "6",
        "live": 0,
        "albumyear": "2003",
        "date_played": 1504882153,
        "artist": "FeekZoid",
        "vote_percent": "98.4578",
        "next_song": {
            "album": "",
            "title": "Scumball remix v2",
            "filename": "M:\\Mp3\\c64\\rko\\JSL - Scumball remix v2.mp3",
            "artist": "JSL",
            "live": 0
        },
        "num_votes": "308",
        "sid_path": "MUSICIANS/H/Hubbard_Rob/Thrust.sid"
    },
    "message": ""
}