{
    "message": "",
    "error": 0,
    "data": {
        "title": "Tristess",
        "num_votes": "189",
        "sid_path": "MUSICIANS/D/DRAX/Tristesse.sid",
        "date_played": 1504872043,
        "my_vote": null,
        "next_song_expected": 192,
        "album": "",
        "live": 0,
        "r64_id": "3196",
        "next_song_date": 1504872647,
        "requestedBy": "",
        "duration": 302,
        "next_song": {
            "live": 0,
            "artist": "Sonic Wanderer",
            "title": "Noisy Pillars (Euro-4-Sure Mix)",
            "filename": "M:\\Mp3\\c64\\rko\\Sonic Wanderer - Noisy Pillars (Euro-4-Sure Mix).mp3",
            "album": ""
        },
        "website": "",
        "r64_vote": "6",
        "next_poll": 192,
        "requestID": "0",
        "vote_percent": "96.9577",
        "picture": "",
        "filename": "c64\\rko\\moog (Sebastian Bachlinski) - Tristess.mp3",
        "listeners": "84",
        "albumyear": "2006",
        "artist": "moog (Sebastian Bachli\u00f1ski)",
        "id": "2745"
    }
}