{
    "error": 0,
    "message": "",
    "data": {
        "listeners": "43",
        "num_votes": "89",
        "my_vote": null,
        "next_song_date": 1504918723,
        "next_song_expected": 30,
        "live": 0,
        "album": "",
        "sid_path": "GAMES/A-F/Boulder_Dash.sid",
        "requestID": "0",
        "r64_id": "3879",
        "title": "Boulder Dash",
        "duration": 100,
        "next_poll": 30,
        "requestedBy": "",
        "artist": "Sinatra",
        "next_song": {
            "filename": "M:\\Mp3\\c64\\rko\\Thomas Detert - MegaStarforce.mp3",
            "title": "MegaStarforce",
            "live": 0,
            "album": "",
            "artist": "Thomas Detert"
        },
        "r64_vote": "5",
        "filename": "c64\\rko\\Sinatra - Boulder Dash.mp3",
        "albumyear": "2008",
        "date_played": 1504918523,
        "website": "",
        "picture": "",
        "vote_percent": "91.0112",
        "id": "3342"
    }
}