{
    "data": {
        "website": "",
        "album": "",
        "artist": "moog (Sebastian Bachli\u00f1ski)",
        "picture": "",
        "duration": 186,
        "vote_percent": "91.4474",
        "r64_vote": "6",
        "listeners": "47",
        "date_played": 1504917312,
        "next_song_expected": -15,
        "live": 0,
        "sid_path": "MUSICIANS/G/Galway_Martin/Street_Hawk_Prototype.sid",
        "title": "Street Hawk",
        "next_song": {
            "album": "",
            "live": 0,
            "filename": "M:\\Mp3\\c64\\rko\\BeeZerk - Saxon's End.mp3",
            "artist": "BeeZerk",
            "title": "Saxon's End"
        },
        "requestID": "0",
        "next_song_date": 1504917684,
        "id": "2920",
        "next_poll": 15,
        "albumyear": "2007",
        "requestedBy": "",
        "my_vote": null,
        "r64_id": "3372",
        "filename": "c64\\rko\\moog (Sebastian Bachlinski) - Street Hawk.mp3",
        "num_votes": "114"
    },
    "message": "",
    "error": 0
}