{
    "data": {
        "r64_id": "4182",
        "num_votes": "86",
        "artist": "Andr\u00e9 M\u00fcller (Crefelder)",
        "listeners": "42",
        "sid_path": "MUSICIANS/C/Cooksey_Mark/Bomb_Jack.sid",
        "date_played": 1504920376,
        "albumyear": "2009",
        "live": 0,
        "my_vote": null,
        "filename": "c64\\rko\\Andre Muller (Crefelder) - Bomb Jack (Summer Radio Edit).mp3",
        "title": "Bomb Jack (Summer Radio Edit)",
        "picture": "",
        "next_song_date": 1504920792,
        "id": "3655",
        "requestID": "0",
        "requestedBy": "",
        "vote_percent": "88.3721",
        "duration": 208,
        "next_song_expected": 71,
        "next_poll": 71,
        "website": "",
        "album": "",
        "next_song": {
            "artist": "Dr Future",
            "filename": "M:\\Mp3\\c64\\rko\\Dr Future - Gem'X (Mantronix Edit).mp3",
            "album": "",
            "live": 0,
            "title": "Gem'X (Mantronix Edit)"
        },
        "r64_vote": "4"
    },
    "error": 0,
    "message": ""
}