{
    "error": 0,
    "data": {
        "requestedBy": "raw",
        "id": "3259",
        "albumyear": "2008",
        "r64_id": "3803",
        "duration": 299,
        "next_song_date": 1504874875,
        "next_poll": 143,
        "filename": "c64\\rko\\XxDUSTYxX - Metalzoids [Zoids for 6 strings and doublebass].mp3",
        "r64_vote": "5",
        "next_song_expected": 143,
        "my_vote": null,
        "title": "Metalzoids [Zoids for 6 strings and doublebass]",
        "live": 0,
        "date_played": 1504874277,
        "next_song": {
            "artist": "CZ Tunes",
            "title": "Double Dragon Title Remix (Extended Version)",
            "filename": "M:\\Mp3\\c64\\non-RKO\\CZ-Tunes - Double Dragon Title Remix (Extended Version).mp3",
            "album": "",
            "live": 0
        },
        "sid_path": "MUSICIANS/H/Hubbard_Rob/Zoids.sid",
        "artist": "XxDUSTYxX",
        "vote_percent": "95.3297",
        "website": "",
        "listeners": "79",
        "num_votes": "182",
        "requestID": "462416",
        "picture": "",
        "album": ""
    },
    "message": ""
}