{
    "error": 0,
    "message": "",
    "data": {
        "requestID": "0",
        "albumyear": "2016",
        "next_song_expected": -2,
        "r64_id": "5587",
        "requestedBy": "",
        "my_vote": null,
        "id": "4874",
        "duration": 308,
        "next_song": {
            "title": "OMAHD (Clubby house-trance mix)",
            "filename": "M:\\Mp3\\c64\\rko\\Kent 'Trace' Walld\u00e9n - OMAHD (Clubby house-trance mix).mp3",
            "album": "",
            "live": 0,
            "artist": "Kent 'Trace' Walld\u00e9n"
        },
        "picture": "",
        "website": "",
        "filename": "c64\\rko\\MRT - Crimson Blessing.mp3",
        "listeners": "39",
        "title": "Crimson Blessing",
        "next_song_date": 1504929819,
        "artist": "MRT",
        "album": "",
        "date_played": 1504929203,
        "sid_path": "MUSICIANS/R/Rousseau_Marcus/Crimson_Blessing.sid",
        "next_poll": 15,
        "r64_vote": "6",
        "vote_percent": "97.8261",
        "num_votes": "23",
        "live": 0
    }
}