{
    "error": 0,
    "message": "",
    "data": {
        "live": 0,
        "requestID": "0",
        "r64_id": "2379",
        "sid_path": "MUSICIANS/H/Hubbard_Rob/Delta.sid",
        "album": "",
        "next_song_expected": 200,
        "next_song_date": 1504930554,
        "filename": "c64\\rko\\weebl - deltaplus.mp3",
        "date_played": 1504929952,
        "num_votes": "519",
        "listeners": "47",
        "id": "1955",
        "r64_vote": "5",
        "duration": 301,
        "albumyear": "0",
        "picture": "",
        "artist": "weebl",
        "my_vote": null,
        "vote_percent": "96.7245",
        "next_poll": 200,
        "website": "",
        "next_song": {
            "live": 0,
            "artist": "Martin Dodd",
            "filename": "M:\\Mp3\\c64\\rko\\Martin Dodd - Total Eclipse (Main Theme Remix).mp3",
            "title": "Total Eclipse (Main Theme Remix)",
            "album": ""
        },
        "requestedBy": "",
        "title": "Deltaplus"
    }
}