{
    "error": 0,
    "data": {
        "requestID": "0",
        "next_song": {
            "filename": "M:\\Mp3\\c64\\rko\\Scorpion - Last Ninja '96 medley.mp3",
            "live": 0,
            "artist": "Scorpion",
            "album": "",
            "title": "Last Ninja '96 medley"
        },
        "id": "1333",
        "sid_path": "MUSICIANS/L/Lee_Dave/Falcon_Patrol_II.sid",
        "title": "Falcon Patrol II",
        "my_vote": null,
        "num_votes": "66",
        "next_poll": 15,
        "album": "",
        "website": "",
        "live": 0,
        "artist": "The Plough",
        "next_song_expected": -37,
        "vote_percent": "85.9848",
        "picture": "",
        "albumyear": "1983",
        "requestedBy": "",
        "duration": 75,
        "filename": "c64\\rko\\The Plough - Falcon Patrol II.mp3",
        "date_played": 1504910081,
        "r64_vote": "4",
        "listeners": "57",
        "next_song_date": 1504910231,
        "r64_id": "312"
    },
    "message": ""
}