{
    "error": 0,
    "data": {
        "filename": "c64\\rko\\Aki Jarvinen - Commando (2011 metal remix).mp3",
        "vote_percent": "96.0914",
        "album": "",
        "next_poll": 98,
        "r64_id": "4753",
        "my_vote": null,
        "next_song": {
            "filename": "M:\\Mp3\\c64\\rko\\Martin Dodd - Forbidden Forest (Purgatory Mix).mp3",
            "title": "Forbidden Forest (Purgatory Mix)",
            "album": "",
            "artist": "Martin Dodd",
            "live": 0
        },
        "requestedBy": "",
        "sid_path": "MUSICIANS/H/Hubbard_Rob/Commando.sid",
        "id": "4181",
        "next_song_date": 1504879361,
        "next_song_expected": 98,
        "live": 0,
        "title": "Commando (2011 metal remix)",
        "artist": "Aki J\u00e4rvinen",
        "num_votes": "339",
        "picture": "",
        "date_played": 1504878821,
        "r64_vote": "6",
        "requestID": "0",
        "listeners": "70",
        "duration": 270,
        "albumyear": "2011",
        "website": ""
    },
    "message": ""
}