{
    "error": 0,
    "data": {
        "next_song_expected": 59,
        "next_song": {
            "live": 0,
            "filename": "M:\\Mp3\\c64\\rko\\DJ Mitch - The Human Race (Pop goes Classics).mp3",
            "title": "The Human Race (Pop goes Classics)",
            "artist": "Mitch van Hayden",
            "album": ""
        },
        "vote_percent": "97.2222",
        "album": "",
        "website": "",
        "albumyear": "2012",
        "date_played": 1504923444,
        "live": 0,
        "id": "4347",
        "title": "Blue Angel 69 (easy listening lounge mix)",
        "r64_id": "4963",
        "artist": "Vred",
        "listeners": "39",
        "sid_path": "MUSICIANS/D/Detert_Thomas/Blue_Angel_69.sid",
        "next_song_date": 1504923700,
        "duration": 128,
        "next_poll": 59,
        "r64_vote": "4",
        "num_votes": "54",
        "filename": "c64\\rko\\Vred - Blue Angel 69 (easy listening lounge mix).mp3",
        "requestID": "0",
        "my_vote": null,
        "picture": "",
        "requestedBy": ""
    },
    "message": ""
}