{
    "error": 0,
    "message": "",
    "data": {
        "live": 0,
        "filename": "c64\\rko\\Scorpion - Last Ninja '96 medley.mp3",
        "vote_percent": "89.8707",
        "next_song": {
            "live": 0,
            "title": "Lightforce",
            "artist": "X-formZ",
            "filename": "M:\\Mp3\\c64\\non-RKO\\x-formz_-_lightforcev2.mp3",
            "album": ""
        },
        "r64_id": null,
        "requestedBy": "",
        "album": "",
        "id": "1157",
        "artist": "Scorpion",
        "albumyear": "1999",
        "sid_path": null,
        "picture": "",
        "r64_vote": null,
        "next_poll": 217,
        "my_vote": null,
        "num_votes": "116",
        "next_song_expected": 217,
        "date_played": 1504910157,
        "duration": 313,
        "requestID": "0",
        "title": "Last Ninja '96 medley",
        "listeners": "56",
        "next_song_date": 1504910783,
        "website": ""
    }
}