{
    "error": 0,
    "message": "",
    "data": {
        "title": "Alien (Korg DS-10 Mix)",
        "filename": "c64\\rko\\LPChip - Alien (Korg DS-10 Mix).mp3",
        "live": 0,
        "my_vote": null,
        "albumyear": "2011",
        "requestedBy": "",
        "next_song_expected": 58,
        "listeners": "66",
        "duration": 246,
        "next_song_date": 1504906957,
        "next_song": {
            "title": "Acrise",
            "artist": "Cirdan",
            "filename": "M:\\Mp3\\c64\\rko\\Cirdan - Acrise.mp3",
            "album": "",
            "live": 0
        },
        "vote_percent": "90.0000",
        "r64_id": "4784",
        "picture": "",
        "id": "4201",
        "requestID": "0",
        "sid_path": "MUSICIANS/C/Clansey_Paul/Alien.sid",
        "artist": "LPChip",
        "album": "",
        "r64_vote": "4",
        "next_poll": 58,
        "num_votes": "150",
        "date_played": 1504906465,
        "website": ""
    }
}