{
    "error": 0,
    "message": "",
    "data": {
        "website": "",
        "next_song": {
            "title": "Xout (LiquidX mix)",
            "live": 0,
            "album": "",
            "artist": "Binster",
            "filename": "M:\\Mp3\\c64\\rko\\Binster - Xout (LiquidX mix).mp3"
        },
        "title": "Flimbos Quest",
        "live": 0,
        "sid_path": "MUSICIANS/O/Ouwehand_Reyn/Flimbos_Quest.sid",
        "next_song_expected": -20,
        "id": "2508",
        "requestedBy": "",
        "duration": 126,
        "num_votes": "83",
        "listeners": "82",
        "my_vote": null,
        "r64_id": "2959",
        "date_played": 1504892287,
        "albumyear": "2004",
        "vote_percent": "96.9880",
        "artist": "Sid Peasley",
        "r64_vote": "5",
        "next_song_date": 1504892539,
        "requestID": "0",
        "album": "",
        "next_poll": 15,
        "picture": "",
        "filename": "c64\\rko\\Sid Peasley - Flimbos Quest.mp3"
    }
}