{
    "error": 0,
    "message": "",
    "data": {
        "duration": 242,
        "filename": "c64\\rko\\DJ Skitz - Draconus Main Title (Speeds of Three Remix).mp3",
        "vote_percent": "90.2047",
        "next_song": {
            "artist": "Sinatra",
            "album": "",
            "filename": "M:\\Mp3\\c64\\rko\\Sinatra - Boulder Dash.mp3",
            "live": 0,
            "title": "Boulder Dash"
        },
        "requestID": "0",
        "listeners": "43",
        "next_poll": 76,
        "live": 0,
        "album": "",
        "next_song_expected": 76,
        "num_votes": "171",
        "artist": "DJ Skitz",
        "albumyear": "2008",
        "date_played": 1504918307,
        "next_song_date": 1504918791,
        "requestedBy": "",
        "r64_id": "4000",
        "my_vote": null,
        "website": "",
        "id": "3471",
        "r64_vote": "4",
        "title": "Draconus Main Title (Speeds of Three Remix)",
        "picture": "",
        "sid_path": "MUSICIANS/G/Gilmore_Adam/Draconus.sid"
    }
}