{
    "error": 0,
    "data": {
        "next_song_date": 1504931796,
        "sid_path": "MUSICIANS/T/Tel_Jeroen/Outrun_Europa.sid",
        "id": "4794",
        "album": "",
        "next_song": {
            "title": "Legend of Kage (Nostaliga)",
            "live": 0,
            "artist": "Analog-X64",
            "filename": "M:\\Mp3\\c64\\rko\\Analog-X64 - Legend of Kage (Nostaliga).mp3",
            "album": ""
        },
        "my_vote": null,
        "date_played": 1504931134,
        "title": "Outrun Europa - Stage 6 Euromix",
        "website": "",
        "next_song_expected": 152,
        "live": 0,
        "r64_id": "5444",
        "picture": "",
        "duration": 331,
        "r64_vote": "5",
        "artist": "The Phekkis",
        "listeners": "40",
        "requestedBy": "",
        "num_votes": "36",
        "vote_percent": "99.3056",
        "next_poll": 152,
        "requestID": "0",
        "albumyear": "2015",
        "filename": "c64\\rko\\The Phekkis - Outrun Europa - Stage 6 Euromix.mp3"
    },
    "message": ""
}