{
    "message": "",
    "error": 0,
    "data": {
        "requestID": "462418",
        "listeners": "73",
        "filename": "c64\\rko\\Mongo Erectus - Druid II 2.mp3",
        "title": "Druid II 2",
        "my_vote": null,
        "sid_path": "MUSICIANS/H/Hanlon_David/Enlightenment_Druid_II.sid",
        "num_votes": "6",
        "next_song_date": 1504875491,
        "id": "4882",
        "live": 0,
        "artist": "Mongo Erectus",
        "r64_id": "5577",
        "picture": "",
        "vote_percent": "100.0000",
        "date_played": 1504874943,
        "next_poll": 15,
        "next_song": {
            "live": 0,
            "album": "",
            "filename": "M:\\Mp3\\c64\\rko\\Acamantor - Druid (Orchestral).mp3",
            "title": "Druid (Orchestral)",
            "artist": "Acamantor"
        },
        "requestedBy": "raw",
        "duration": 274,
        "website": "",
        "albumyear": "2016",
        "album": "",
        "next_song_expected": 4,
        "r64_vote": "4"
    }
}