{
    "error": 0,
    "message": "",
    "data": {
        "date_played": 1504908921,
        "website": "",
        "requestedBy": "",
        "vote_percent": "95.2446",
        "my_vote": null,
        "next_song_date": 1504909663,
        "picture": "",
        "filename": "c64\\rko\\BeeZerk - Let's Go.mp3",
        "r64_vote": "6",
        "num_votes": "184",
        "title": "Let's Go",
        "sid_path": "MUSICIANS/J/Jammer/Lets_Go.sid",
        "requestID": "0",
        "artist": "BeeZerk",
        "listeners": "66",
        "live": 0,
        "duration": 371,
        "next_song": {
            "album": "",
            "filename": "M:\\Mp3\\c64\\rko\\Dafunk - I don't need no love.mp3",
            "title": "I don't need no love",
            "artist": "Dafunk",
            "live": 0
        },
        "album": "",
        "id": "4071",
        "r64_id": "4641",
        "next_poll": 299,
        "albumyear": "2011",
        "next_song_expected": 299
    }
}