{
    "error": 0,
    "data": {
        "my_vote": null,
        "next_song": {
            "title": "Turbo Outrun (E20 remix)",
            "live": 0,
            "filename": "M:\\Mp3\\c64\\rko\\Wobbler - Turbo Outrun (E20 remix).mp3",
            "album": "",
            "artist": "Wobbler"
        },
        "id": "2317",
        "album": "Galway [Remixed]",
        "vote_percent": "95.1183",
        "website": "http://www.c64audio.com/productInfo.php?cat=PP002",
        "duration": 300,
        "date_played": 1504891743,
        "albumyear": "2002",
        "live": 0,
        "r64_vote": null,
        "r64_id": null,
        "artist": "Reyn Ouwehand",
        "listeners": "78",
        "requestID": "0",
        "next_song_expected": 30,
        "requestedBy": "",
        "title": "Insects In Space [title]",
        "next_poll": 30,
        "next_song_date": 1504892343,
        "sid_path": null,
        "num_votes": "169",
        "picture": "Reyn_-_Galway_remixed.jpg",
        "filename": "c64\\Albums\\Reyn Ouwehand - Galway Remixed\\06 - Insects In Space [title].mp3"
    },
    "message": ""
}