{
    "error": 0,
    "data": {
        "duration": 288,
        "picture": "",
        "id": "4621",
        "sid_path": "GAMES/A-F/Dark_Star.sid",
        "album": "",
        "artist": "Chris Prattini",
        "date_played": 1504903289,
        "next_song_expected": 104,
        "title": "Dark Star",
        "requestedBy": "",
        "next_poll": 104,
        "live": 0,
        "r64_vote": "5",
        "my_vote": null,
        "requestID": "0",
        "r64_id": "5278",
        "listeners": "67",
        "vote_percent": "99.4318",
        "next_song_date": 1504903865,
        "next_song": {
            "album": "",
            "filename": "M:\\Mp3\\c64\\rko\\daRK HaLF - Last Ninja 2 Central Park.mp3",
            "title": "Last Ninja 2 Central Park",
            "live": 0,
            "artist": "daRK HaLF"
        },
        "filename": "c64\\rko\\Chris Prattini - Dark Star.mp3",
        "num_votes": "43",
        "website": "",
        "albumyear": "2014"
    },
    "message": ""
}