{
    "error": 0,
    "data": {
        "picture": "",
        "filename": "c64\\rko\\Amok - Grand Prix Circuit (Piano-Edit).mp3",
        "requestedBy": "",
        "live": 0,
        "date_played": 1504919263,
        "next_song_date": 1504919591,
        "next_poll": 15,
        "id": "3350",
        "my_vote": null,
        "duration": 164,
        "title": "Grand Prix Circuit (Piano-Edit)",
        "vote_percent": "94.8198",
        "requestID": "0",
        "sid_path": "MUSICIANS/H/Hatlelid_Kris/Grand_Prix_Circuit.sid",
        "next_song": {
            "artist": "Hazel",
            "album": "",
            "live": 0,
            "title": "Shadow Skimmer",
            "filename": "M:\\Mp3\\c64\\rko\\Hazel - Shadow Skimmer.mp3"
        },
        "artist": "Amok",
        "num_votes": "111",
        "album": "",
        "r64_vote": "5",
        "albumyear": "2008",
        "website": "",
        "r64_id": "3889",
        "next_song_expected": -6,
        "listeners": "41"
    },
    "message": ""
}