{
    "message": "",
    "error": 0,
    "data": {
        "artist": "Zuckerfrei",
        "filename": "c64\\rko\\Zuckerfrei - Mask III - Venom Strikes Back (20Hz Mix).mp3",
        "date_played": 1504890309,
        "website": "",
        "num_votes": "116",
        "id": "2088",
        "my_vote": null,
        "requestID": "0",
        "next_song_date": 1504890799,
        "next_song": {
            "artist": "Zyron",
            "album": "",
            "filename": "M:\\Mp3\\c64\\rko\\Zyron - Whittaker-medley.mp3",
            "live": 0,
            "title": "Whittaker-medley"
        },
        "r64_vote": "5",
        "listeners": "79",
        "next_poll": 101,
        "albumyear": "1988",
        "next_song_expected": 101,
        "picture": "",
        "duration": 245,
        "vote_percent": "92.0259",
        "sid_path": "MUSICIANS/D/Daglish_Ben/MASK_III_Venom_Strikes_Back.sid",
        "title": "Mask III - Venom Strikes Back (20Hz Mix)",
        "r64_id": "2627",
        "album": "",
        "live": 0,
        "requestedBy": ""
    }
}