{
    "error": 0,
    "data": {
        "picture": "",
        "r64_id": "5212",
        "next_song": {
            "live": 0,
            "title": "Frogger",
            "album": "The Blithe, The Blend & The Bizarre",
            "filename": "M:\\Mp3\\c64\\Albums\\Reyn Ouwehand - Blithe Blend Bizarre\\17 Frogger.mp3",
            "artist": "Reyn Ouwehand"
        },
        "listeners": "37",
        "next_song_expected": -34,
        "requestedBy": "",
        "next_song_date": 1504925230,
        "id": "4589",
        "live": 0,
        "date_played": 1504924608,
        "next_poll": 15,
        "r64_vote": "4",
        "filename": "c64\\rko\\Aural Stimulation - Commando C64 Theme Rescore.mp3",
        "albumyear": "2014",
        "album": "",
        "vote_percent": "93.0147",
        "duration": 311,
        "my_vote": null,
        "title": "Commando C64 Theme Rescore",
        "sid_path": "MUSICIANS/H/Hubbard_Rob/Commando.sid",
        "artist": "Aural Stimulation",
        "website": "",
        "requestID": "0",
        "num_votes": "67"
    },
    "message": ""
}