{
    "error": 0,
    "data": {
        "requestID": "0",
        "live": 0,
        "filename": "c64\\rko\\Infamous - Marble Madness.mp3",
        "r64_vote": "5",
        "picture": "",
        "next_poll": 25,
        "artist": "Infamous",
        "next_song_expected": 25,
        "album": "",
        "next_song": {
            "artist": "BeeZerk",
            "live": 0,
            "album": "",
            "title": "Mega Starforce",
            "filename": "M:\\Mp3\\c64\\rko\\BeeZerk - Mega Starforce.mp3"
        },
        "website": "",
        "listeners": "42",
        "sid_path": "GAMES/M-R/Marble_Madness.sid",
        "requestedBy": "",
        "title": "Marble Madness",
        "r64_id": "3978",
        "next_song_date": 1504921767,
        "id": "3441",
        "my_vote": null,
        "vote_percent": "94.4444",
        "albumyear": "2008",
        "date_played": 1504921349,
        "duration": 209,
        "num_votes": "162"
    },
    "message": ""
}