{
    "error": 0,
    "data": {
        "requestID": "0",
        "requestedBy": "",
        "website": "",
        "album": "",
        "listeners": "40",
        "next_song_date": 1504924235,
        "num_votes": "141",
        "vote_percent": "92.9078",
        "title": "The Human Race (Pop goes Classics)",
        "sid_path": "MUSICIANS/H/Hubbard_Rob/Human_Race.sid",
        "next_poll": 88,
        "date_played": 1504923567,
        "my_vote": null,
        "filename": "c64\\rko\\DJ Mitch - The Human Race (Pop goes Classics).mp3",
        "next_song_expected": 88,
        "live": 0,
        "duration": 334,
        "next_song": {
            "filename": "M:\\Mp3\\c64\\rko\\Dees - Gemini (Electro Glide Remix).mp3",
            "artist": "Dees",
            "album": "",
            "live": 0,
            "title": "Gemini (Electro Glide Remix)"
        },
        "id": "2995",
        "picture": "",
        "r64_vote": "6",
        "artist": "Mitch van Hayden",
        "r64_id": "3442",
        "albumyear": "2007"
    },
    "message": ""
}