{
    "error": 0,
    "data": {
        "vote_percent": "88.3547",
        "live": 0,
        "requestID": "0",
        "r64_vote": "4",
        "num_votes": "234",
        "sid_path": "MUSICIANS/T/Thiel_David/Winter_Games.sid",
        "my_vote": null,
        "date_played": 1504914332,
        "next_song_expected": 286,
        "duration": 407,
        "next_song_date": 1504915146,
        "website": "",
        "picture": "",
        "artist": "DJ cK",
        "id": "2720",
        "next_poll": 286,
        "albumyear": "2006",
        "r64_id": "3166",
        "listeners": "51",
        "album": "",
        "title": "Epyx' Winter Games - The Remix",
        "next_song": {
            "album": "",
            "title": "Mellow Idea (Just a small mellow rmx)",
            "artist": "Dafunk",
            "live": 0,
            "filename": "M:\\Mp3\\c64\\rko\\Dafunk - Mellow Idea (Just a small mellow rmx).mp3"
        },
        "requestedBy": "",
        "filename": "c64\\rko\\DJ cK - Epyx Winter Games - The Remix.mp3"
    },
    "message": ""
}