{
    "data": {
        "artist": "Cirdan",
        "num_votes": "121",
        "id": "4227",
        "duration": 260,
        "next_poll": 124,
        "my_vote": null,
        "website": "",
        "albumyear": "2001",
        "next_song_date": 1504907217,
        "listeners": "64",
        "r64_id": "4828",
        "requestID": "0",
        "live": 0,
        "title": "Acrise",
        "requestedBy": "",
        "date_played": 1504906697,
        "vote_percent": "93.1818",
        "album": "",
        "picture": "",
        "next_song_expected": 124,
        "sid_path": "MUSICIANS/T/Trident/Acrise.sid",
        "next_song": {
            "live": 0,
            "album": "",
            "filename": "M:\\Mp3\\c64\\rko\\Dan Tootill - Scumball (Cheat Mode).mp3",
            "artist": "Dan Tootill",
            "title": "Scumball (Cheat Mode)"
        },
        "filename": "c64\\rko\\Cirdan - Acrise.mp3",
        "r64_vote": "5"
    },
    "message": "",
    "error": 0
}