{
    "error": 0,
    "message": "",
    "data": {
        "date_played": 1504884813,
        "next_poll": 15,
        "artist": "o2",
        "title": "Spellbound (MiniVersion)",
        "album": "",
        "sid_path": "MUSICIANS/H/Hubbard_Rob/Spellbound.sid",
        "num_votes": "87",
        "live": 0,
        "my_vote": null,
        "listeners": "66",
        "r64_id": "1014",
        "next_song_expected": -58,
        "filename": "c64\\rko\\o2 - Spellbound (MiniVersion).mp3",
        "id": "901",
        "picture": "",
        "next_song_date": 1504885177,
        "r64_vote": "5",
        "requestID": "0",
        "albumyear": "0",
        "vote_percent": "94.2529",
        "next_song": null,
        "duration": 182,
        "requestedBy": "",
        "website": ""
    }
}