{
    "data": {
        "next_song_date": 1504874473,
        "sid_path": "MUSICIANS/D/Daglish_Ben/Deflektor.sid",
        "picture": "",
        "albumyear": "2016",
        "artist": "ziona",
        "listeners": "79",
        "filename": "c64\\rko\\ziona - Deflektor.mp3",
        "next_song": {
            "artist": "XxDUSTYxX",
            "live": 0,
            "album": "",
            "filename": "M:\\Mp3\\c64\\rko\\XxDUSTYxX - Metalzoids [Zoids for 6 strings and doublebass].mp3",
            "title": "Metalzoids [Zoids for 6 strings and doublebass]"
        },
        "requestedBy": "raw",
        "website": "",
        "vote_percent": "97.7679",
        "r64_id": "5546",
        "title": "Deflektor",
        "live": 0,
        "duration": 193,
        "requestID": "462415",
        "date_played": 1504874087,
        "r64_vote": "5",
        "album": "",
        "next_poll": 27,
        "num_votes": "56",
        "id": "4904",
        "next_song_expected": 27,
        "my_vote": null
    },
    "error": 0,
    "message": ""
}