{
    "error": 0,
    "message": "",
    "data": {
        "title": "Noisy Pillars (Euro-4-Sure Mix)",
        "requestID": "462407",
        "r64_vote": "5",
        "next_song_expected": -45,
        "sid_path": "MUSICIANS/T/Tel_Jeroen/Noisy_Pillars_tune_3.sid",
        "picture": "",
        "num_votes": "151",
        "albumyear": "2005",
        "requestedBy": "raw",
        "listeners": "85",
        "r64_id": "2656",
        "my_vote": null,
        "filename": "c64\\rko\\Sonic Wanderer - Noisy Pillars (Euro-4-Sure Mix).mp3",
        "date_played": 1504872334,
        "live": 0,
        "vote_percent": "93.7086",
        "duration": 194,
        "id": "2101",
        "next_poll": 15,
        "next_song": {
            "artist": "Hazel",
            "filename": "M:\\Mp3\\c64\\non-RKO\\Lets_Scroll_It\\Hazel vs Jeroen Tel - Remark (Noisy Maniacs Remix).mp3",
            "album": "",
            "live": 0,
            "title": "Remark (Noisy Maniacs Remix) [Hazel vs Jeroen Tel]"
        },
        "website": "",
        "album": "",
        "artist": "Sonic Wanderer",
        "next_song_date": 1504872722
    }
}