{
    "data": {
        "r64_id": "2896",
        "picture": "",
        "requestID": "0",
        "sid_path": "MUSICIANS/O/Ouwehand_Reyn/Flimbos_Quest.sid",
        "filename": "c64\\rko\\Sonic Wanderer - Flimbo's Quest (For The Ultimate Beat).mp3",
        "albumyear": "2005",
        "date_played": 1504911775,
        "album": "",
        "next_song_expected": 97,
        "artist": "Sonic Wanderer",
        "next_poll": 97,
        "duration": 195,
        "listeners": "58",
        "next_song_date": 1504912165,
        "website": "",
        "requestedBy": "",
        "id": "2460",
        "live": 0,
        "next_song": {
            "live": 0,
            "album": "",
            "title": "Chopper (Arctic Circle Remix)",
            "filename": "M:\\Mp3\\c64\\rko\\DeeS - Chopper (Arctic Circle Remix).mp3",
            "artist": "Dees"
        },
        "my_vote": null,
        "r64_vote": "5",
        "num_votes": "149",
        "title": "Flimbo's Quest (For The Ultimate Beat)",
        "vote_percent": "93.2886"
    },
    "error": 0,
    "message": ""
}