{
    "message": "",
    "error": 0,
    "data": {
        "my_vote": null,
        "artist": "Aki J\u00e4rvinen",
        "title": "Monty On The Run (Metal Remix)",
        "filename": "c64\\rko\\Aki Jarvinen - Monty On The Run (Metal Remix).mp3",
        "num_votes": "153",
        "r64_id": "5331",
        "album": "",
        "listeners": "74",
        "next_song": {
            "album": "",
            "title": "Ocean Loader 3 (Cinematic remix)",
            "live": 0,
            "filename": "M:\\Mp3\\c64\\rko\\Peter Clarke - Ocean Loader 3 (Cinematic remix).mp3",
            "artist": "Peter Clarke"
        },
        "picture": "",
        "requestedBy": "",
        "next_song_date": 1504882163,
        "next_song_expected": 99,
        "id": "4698",
        "albumyear": "2014",
        "website": "",
        "date_played": 1504881541,
        "requestID": "0",
        "sid_path": "MUSICIANS/H/Hubbard_Rob/Monty_on_the_Run.sid",
        "duration": 311,
        "vote_percent": "98.7013",
        "live": 0,
        "r64_vote": "6",
        "next_poll": 99
    }
}