{
    "error": 0,
    "message": "",
    "data": {
        "next_song_expected": 352,
        "r64_id": "3532",
        "sid_path": "MUSICIANS/J/Jammer/Floatee.sid",
        "next_song_date": 1504900475,
        "id": "3037",
        "requestedBy": "",
        "listeners": "68",
        "album": "",
        "artist": "BeeZerk",
        "date_played": 1504899495,
        "title": "Floatee",
        "num_votes": "249",
        "website": "",
        "requestID": "0",
        "filename": "c64\\rko\\BeeZerk - Floatee.mp3",
        "picture": "",
        "next_poll": 352,
        "albumyear": "2007",
        "r64_vote": "6",
        "vote_percent": "95.2811",
        "duration": 490,
        "live": 0,
        "my_vote": null,
        "next_song": {
            "artist": "Teo",
            "live": 0,
            "title": "ATF Remix",
            "filename": "M:\\Mp3\\c64\\rko\\Teo - ATF Remix.mp3",
            "album": ""
        }
    }
}