{
    "message": "",
    "error": 0,
    "data": {
        "date_played": 1504894582,
        "next_song": {
            "artist": "Wobbler",
            "album": "",
            "live": 0,
            "filename": "M:\\Mp3\\c64\\rko\\Wobbler - Future Shock (Analogue addicts mix).mp3",
            "title": "Future Shock (Analogue addicts mix)"
        },
        "my_vote": null,
        "r64_vote": "5",
        "requestID": "0",
        "num_votes": "124",
        "live": 0,
        "website": "",
        "sid_path": "MUSICIANS/H/Hubbard_Rob/Spellbound.sid",
        "album": "",
        "listeners": "75",
        "r64_id": "3202",
        "albumyear": "2006",
        "filename": "c64\\rko\\Hazel - Spellbound (64 Knights And One Round Table).mp3",
        "picture": "",
        "next_song_date": 1504895196,
        "requestedBy": "",
        "duration": 307,
        "vote_percent": "95.1613",
        "artist": "Hazel",
        "id": "2741",
        "next_poll": 56,
        "next_song_expected": 56,
        "title": "Spellbound (64 Knights And One Round Table)"
    }
}