{
    "message": "",
    "data": {
        "title": "Tower (Ambient Relaxing II)",
        "duration": 234,
        "requestedBy": "",
        "picture": "",
        "r64_id": "4374",
        "albumyear": "2010",
        "next_song_expected": 157,
        "next_song": {
            "live": 0,
            "title": "Evelien (Only You)",
            "album": "",
            "artist": "Hazel",
            "filename": "M:\\Mp3\\c64\\rko\\Hazel - Evelien (Only You).mp3"
        },
        "listeners": "40",
        "artist": "C64toBit64",
        "next_song_date": 1504922344,
        "next_poll": 157,
        "requestID": "0",
        "vote_percent": "83.9912",
        "album": "",
        "my_vote": null,
        "website": "",
        "filename": "c64\\rko\\C64toBit64 - Tower (Ambient Relaxing II).mp3",
        "r64_vote": "5",
        "live": 0,
        "sid_path": "MUSICIANS/A/Avalon/Tower.sid",
        "id": "3830",
        "num_votes": "114",
        "date_played": 1504921876
    },
    "error": 0
}