{
    "data": {
        "next_song": {
            "album": "",
            "title": "Gryzor (Garage remake)",
            "artist": "Black Bozze",
            "live": 0,
            "filename": "M:\\Mp3\\c64\\rko\\Black Bozze - Gryzor (Garage remake).mp3"
        },
        "artist": "Hazel",
        "r64_vote": "6",
        "requestID": "0",
        "requestedBy": "",
        "picture": "",
        "title": "Remark",
        "listeners": "48",
        "my_vote": null,
        "id": "2854",
        "num_votes": "126",
        "next_poll": 66,
        "sid_path": "MUSICIANS/T/Tel_Jeroen/Remark_Music.sid",
        "website": "",
        "album": "",
        "r64_id": "3304",
        "vote_percent": "94.2460",
        "filename": "c64\\rko\\Hazel - Remark.mp3",
        "date_played": 1504916301,
        "next_song_expected": 66,
        "albumyear": "2006",
        "next_song_date": 1504916817,
        "live": 0,
        "duration": 258
    },
    "message": "",
    "error": 0
}