{
    "error": 0,
    "message": "",
    "data": {
        "title": "Parallax (Galways shot mix)",
        "r64_vote": "5",
        "requestID": "0",
        "vote_percent": "93.5294",
        "listeners": "39",
        "id": "4399",
        "next_poll": 371,
        "num_votes": "85",
        "filename": "c64\\rko\\prof ethan - Parallax (Galways shot mix).mp3",
        "next_song_date": 1504923904,
        "next_song_expected": 371,
        "next_song": {
            "artist": "Vred",
            "live": 0,
            "title": "Blue Angel 69 (easy listening lounge mix)",
            "album": "",
            "filename": "M:\\Mp3\\c64\\rko\\Vred - Blue Angel 69 (easy listening lounge mix).mp3"
        },
        "picture": "",
        "requestedBy": "",
        "artist": "prof_ethan",
        "date_played": 1504923024,
        "r64_id": "5014",
        "live": 0,
        "sid_path": "MUSICIANS/G/Galway_Martin/Parallax.sid",
        "website": "",
        "duration": 440,
        "album": "",
        "albumyear": "2013",
        "my_vote": null
    }
}