{
    "message": "",
    "data": {
        "title": "Hatlelid's Grand Prix Circuit (Medley Mix)",
        "artist": "Makke",
        "r64_vote": null,
        "album": "",
        "num_votes": "118",
        "r64_id": null,
        "my_vote": null,
        "next_song_date": 1504891919,
        "next_poll": 95,
        "date_played": 1504891577,
        "duration": 171,
        "next_song_expected": 95,
        "filename": "c64\\rko\\Makke - Hatlelid's Grand Prix Circuit (Medley Mix).mp3",
        "live": 0,
        "picture": "",
        "website": "",
        "listeners": "79",
        "sid_path": null,
        "requestedBy": "",
        "next_song": {
            "title": "Insects In Space [title]",
            "filename": "M:\\Mp3\\c64\\Albums\\Reyn Ouwehand - Galway Remixed\\06 - Insects In Space [title].mp3",
            "live": 0,
            "album": "Galway [Remixed]",
            "artist": "Reyn Ouwehand"
        },
        "id": "758",
        "vote_percent": "95.5508",
        "albumyear": "2004",
        "requestID": "0"
    },
    "error": 0
}