{
    "error": 0,
    "message": "",
    "data": {
        "sid_path": "MUSICIANS/P/Pridmore_Dave/Rick_Dangerous.sid",
        "filename": "c64\\rko\\Mano - Rick Dangerous (Rick's March).mp3",
        "albumyear": "2015",
        "vote_percent": null,
        "my_vote": null,
        "num_votes": "36",
        "duration": 165,
        "date_played": 1504877782,
        "id": "4685",
        "next_song_expected": -26,
        "title": "Rick Dangerous (Rick's March)",
        "requestedBy": "",
        "requestID": "0",
        "next_song_date": 1504878112,
        "live": 0,
        "album": "",
        "artist": "Mano",
        "r64_vote": "6",
        "website": "",
        "r64_id": "5345",
        "next_song": {
            "album": "",
            "artist": "AcidBlock",
            "title": "Violator (Melodic Trance Mix)",
            "live": 0,
            "filename": "M:\\Mp3\\c64\\rko\\AcidBlock - Violator (Melodic Trance Mix).mp3"
        },
        "picture": "",
        "listeners": "71",
        "next_poll": 15
    }
}